"K_plasma","K_musc"
5.03293868692008,160.68754479774
